<?xml version="1.0" encoding="UTF-8"?>
<!DOCTYPE hibernate-configuration SYSTEM 
"http://www.hibernate.org/dtd/hibernate-configuration-3.0.dtd">
<hibernate-configuration>
<session-factory>
<!-- Database connection settings -->
<property name="connection.driver_class">com.mysql.cj.jdbc.Driver</property>
<property name="connection.url">jdbc:mysql://localhost:3306/carrental</property>
<property name="connection.username">root</property>
<property name="connection.password">Root</property>
<!-- Jdbc connection pool -->
<property name="connection.pool_size">5</property>
<!-- sql Dialect -->
<property name="dialect">org.hibernate.dialect.MySQL5Dialect</property>
<property name="show_sql">true</property>
<property name="hbm2ddl.auto">update</property>

<!-- mapping  -->



</session-factory>

</hibernate-configuration>